"P","ALFA2","ALFA3","CODE","EU_REPORTER","EU_PARTNER","NAME_RU","FULLNAME","NAME_EN","CONTINENT_RU","REGION_RU","CONTINENT_EN","REGION_EN"
65,"AB","ABH",895,"","","АБХАЗИЯ","Республика Абхазия","Abhasia","","","",""
72,"AD","AND",20,"","0043","АНДОРРА","Княжество Андорра","Andorra","Европа","Южная Европа","Europe","Southern Europe"
42,"AE","ARE",784,"","0647","ОБЪЕДИНЕННЫЕ АРАБСКИЕ ЭМИРАТЫ","","United Arab Emirates","Азия","Западная Азия","Asia","Western Asia"
67,"AF","AFG",4,"","0660","АФГАНИСТАН","Переходное Исламское Государство Афганистан","Afghanistan","Азия","Южная Азия","Asia","Southern Asia"
74,"AG","ATG",28,"","0459","АНТИГУА И БАРБУДА","","Antigua and Barbuda","Северная и Южная Америка","Карибский бассейн","Americas","Caribbean"
240,"AI","AIA",660,"","0446","АНГИЛЬЯ","","Anguilla","Северная и Южная Америка","Карибский бассейн","Americas","Caribbean"
68,"AL","ALB",8,"","0070","АЛБАНИЯ","Республика Албания","Albania","Европа","Южная Европа","Europe","Southern Europe"
81,"AM","ARM",51,"","0077","АРМЕНИЯ","Республика Армения","Armenia","Азия","Западная Азия","Asia","Western Asia"
73,"AO","AGO",24,"","0330","АНГОЛА","Республика Ангола","Angola","Африка","Центральная Африка","Africa","Middle Africa"
69,"AQ","ATA",10,"","0891","АНТАРКТИДА","","Antarctica","","","",""
76,"AR","ARG",32,"","0528","АРГЕНТИНА","Аргентинская Республика","Argentina","Северная и Южная Америка","Южная Америка","Americas","South America"
71,"AS","ASM",16,"","0830","АМЕРИКАНСКОЕ САМОА","","American Samoa","Океания","Полинезия","Oceania","Polynesia"
1,"AT","AUT",40,"038","0038","АВСТРИЯ","Австрийская Республика","Austria","Европа","Западная Европа","Europe","Western Europe"
77,"AU","AUS",36,"","0800","АВСТРАЛИЯ","","Australia","Океания","Австралия и Новая Зеландия","Oceania","Australia and New Zealand"
15,"AW","ABW",533,"","0474","АРУБА","","Aruba","Северная и Южная Америка","Карибский бассейн","Americas","Caribbean"
137,"AX","ALA",248,"","","ЭЛАНДСКИЕ ОСТРОВА","","Aland Islands","Европа","Северная Европа","Europe","Northern Europe"
75,"AZ","AZE",31,"","0078","АЗЕРБАЙДЖАН","Республика Азербайджан","Azerbaijan","Азия","Западная Азия","Asia","Western Asia"
87,"BA","BIH",70,"","0093","БОСНИЯ И ГЕРЦЕГОВИНА","","Bosnia and Herzegovina","Европа","Южная Европа","Europe","Southern Europe"
82,"BB","BRB",52,"","0469","БАРБАДОС","","Barbados","Северная и Южная Америка","Карибский бассейн","Americas","Caribbean"
80,"BD","BGD",50,"","0666","БАНГЛАДЕШ","Народная Республика Бангладеш","Bangladesh","Азия","Южная Азия","Asia","Southern Asia"
83,"BE","BEL",56,"017","0017","БЕЛЬГИЯ","Королевство Бельгии","Belgium","Европа","Западная Европа","Europe","Western Europe"
58,"BF","BFA",854,"","0236","БУРКИНА-ФАСО","","Burkina Faso","Африка","Западная Африка","Africa","Western Africa"
96,"BG","BGR",100,"068","0068","БОЛГАРИЯ","Республика Болгария","Bulgaria","Европа","Восточная Европа","Europe","Eastern Europe"
79,"BH","BHR",48,"","0640","БАХРЕЙН","Королевство Бахрейн","Bahrain","Азия","Западная Азия","Asia","Western Asia"
98,"BI","BDI",108,"","0328","БУРУНДИ","Республика Бурунди","Burundi","Африка","Восточная Африка","Africa","Eastern Africa"
122,"BJ","BEN",204,"","0284","БЕНИН","Республика Бенин","Benin","Африка","Западная Африка","Africa","Western Africa"
237,"BL","BLM",652,"","0466","СЕН-БАРТЕЛЕМИ","","Saint Barthelemy","Северная и Южная Америка","Карибский бассейн","Americas","Caribbean"
84,"BM","BMU",60,"","0413","БЕРМУДЫ","","Bermuda","Северная и Южная Америка","Северная Америка","Americas","Northern America"
95,"BN","BRN",96,"","0703","БРУНЕЙ-ДАРУССАЛАМ","","Brunei Darussalam","Азия","Юго-Восточная Азия","Asia","South-Eastern Asia"
86,"BO","BOL",68,"","0516","БОЛИВИЯ, МНОГОНАЦИОНАЛЬНОЕ ГОСУДАРСТВО","Многонациональное Государство Боливия","Bolivia, Plurinational State of","Северная и Южная Америка","Южная Америка","Americas","South America"
206,"BQ","BES",535,"","0477","БОНЭЙР, СИНТ-ЭСТАТИУС И САБА","","Bonaire, Sint Eustatius and Saba","Северная и Южная Америка","Карибский бассейн","Americas","Caribbean"
90,"BR","BRA",76,"","0508","БРАЗИЛИЯ","Федеративная Республика Бразилия","Brazil","Северная и Южная Америка","Южная Америка","Americas","South America"
78,"BS","BHS",44,"","0453","БАГАМЫ","Содружество Багамы","Bahamas","Северная и Южная Америка","Карибский бассейн","Americas","Caribbean"
85,"BT","BTN",64,"","0675","БУТАН","Королевство Бутан","Bhutan","Азия","Южная Азия","Asia","Southern Asia"
89,"BV","BVT",74,"","0892","ОСТРОВ БУВЕ","","Bouvet Island","","","",""
88,"BW","BWA",72,"","0391","БОТСВАНА","Республика Ботсвана","Botswana","Африка","Южная часть Африки","Africa","Southern Africa"
99,"BY","BLR",112,"","0073","БЕЛАРУСЬ","Республика Беларусь","Belarus","Европа","Восточная Европа","Europe","Eastern Europe"
91,"BZ","BLZ",84,"","0421","БЕЛИЗ","","Belize","Северная и Южная Америка","Центральная Америка","Americas","Central America"
102,"CA","CAN",124,"","0404","КАНАДА","","Canada","Северная и Южная Америка","Северная Америка","Americas","Northern America"
111,"CC","CCK",166,"","0833","КОКОСОВЫЕ (КИЛИНГ) ОСТРОВА","","Cocos (Keeling) Islands","","","",""
115,"CD","COD",180,"","0322","КОНГО, ДЕМОКРАТИЧЕСКАЯ РЕСПУБЛИКА","Демократическая Республика Конго","Congo, the Democratic Republic of the","","","Africa","Middle Africa"
105,"CF","CAF",140,"","0306","ЦЕНТРАЛЬНО-АФРИКАНСКАЯ РЕСПУБЛИКА","","Central African Republic","Африка","Центральная Африка","Africa","Middle Africa"
114,"CG","COG",178,"","0318","КОНГО","Республика Конго","Congo","Африка","Центральная Африка","Africa","Middle Africa"
34,"CH","CHE",756,"","0039","ШВЕЙЦАРИЯ","Швейцарская Конфедерация","Switzerland","Европа","Западная Европа","Europe","Western Europe"
167,"CI","CIV",384,"","0272","КОТ Д`ИВУАР","Республика Кот д`Ивуар","Cote d'Ivoire","Африка","Западная Африка","Africa","Western Africa"
116,"CK","COK",184,"","0837","ОСТРОВА КУКА","","Cook Islands","Океания","Полинезия","Oceania","Polynesia"
107,"CL","CHL",152,"","0512","ЧИЛИ","Республика Чили","Chile","Северная и Южная Америка","Южная Америка","Americas","South America"
101,"CM","CMR",120,"","0302","КАМЕРУН","Республика Камерун","Cameroon","Африка","Центральная Африка","Africa","Middle Africa"
108,"CN","CHN",156,"","0720","КИТАЙ","Китайская Народная Республика","China","Азия","Восточная Азия","Asia","Eastern Asia"
112,"CO","COL",170,"","0480","КОЛУМБИЯ","Республика Колумбия","Colombia","Северная и Южная Америка","Южная Америка","Americas","South America"
117,"CR","CRI",188,"","0436","КОСТА-РИКА","Республика Коста-Рика","Costa Rica","Северная и Южная Америка","Центральная Америка","Americas","Central America"
119,"CU","CUB",192,"","0448","КУБА","Республика Куба","Cuba","Северная и Южная Америка","Карибский бассейн","Americas","Caribbean"
103,"CV","CPV",132,"","0247","КАБО-ВЕРДЕ","Республика Кабо-Верде","Cabo Verde","Африка","Западная Африка","Africa","Western Africa"
204,"CW","CUW",531,"","0475","КЮРАСАО","","Curacao","Северная и Южная Америка","Карибский бассейн","Americas","Caribbean"
110,"CX","CXR",162,"","0834","ОСТРОВ РОЖДЕСТВА","","Christmas Island","","","",""
120,"CY","CYP",196,"600","0600","КИПР","Республика Кипр","Cyprus","Азия","Западная Азия","Asia","Western Asia"
121,"CZ","CZE",203,"061","0061","ЧЕШСКАЯ РЕСПУБЛИКА","","Czech Republic","Европа","Восточная Европа","Europe","Eastern Europe"
145,"DE","DEU",276,"004","0004","ГЕРМАНИЯ","Федеративная Республика Германия","Germany","Европа","Западная Европа","Europe","Western Europe"
142,"DJ","DJI",262,"","0338","ДЖИБУТИ","Республика Джибути","Djibouti","Африка","Восточная Африка","Africa","Eastern Africa"
123,"DK","DNK",208,"008","0008","ДАНИЯ","Королевство Дания","Denmark","Европа","Северная Европа","Europe","Northern Europe"
124,"DM","DMA",212,"","0460","ДОМИНИКА","Содружество Доминики","Dominica","Северная и Южная Америка","Карибский бассейн","Americas","Caribbean"
125,"DO","DOM",214,"","0456","ДОМИНИКАНСКАЯ РЕСПУБЛИКА","","Dominican Republic","Северная и Южная Америка","Карибский бассейн","Americas","Caribbean"
70,"DZ","DZA",12,"","0208","АЛЖИР","Алжирская Народная Демократическая Республика","Algeria","Африка","Северная Африка","Africa","Northern Africa"
126,"EC","ECU",218,"","0500","ЭКВАДОР","Республика Эквадор","Ecuador","Северная и Южная Америка","Южная Америка","Americas","South America"
131,"EE","EST",233,"053","0053","ЭСТОНИЯ","Эстонская Республика","Estonia","Европа","Северная Европа","Europe","Northern Europe"
51,"EG","EGY",818,"","0220","ЕГИПЕТ","Арабская Республика Египет","Egypt","Африка","Северная Африка","Africa","Northern Africa"
30,"EH","ESH",732,"","","ЗАПАДНАЯ САХАРА","","Western Sahara","Африка","Северная Африка","Africa","Northern Africa"
130,"ER","ERI",232,"","0336","ЭРИТРЕЯ","Государство Эритрея","Eritrea","Африка","Восточная Африка","Africa","Eastern Africa"
27,"ES","ESP",724,"011","0011","ИСПАНИЯ","Королевство Испания","Spain","Европа","Южная Европа","Europe","Southern Europe"
129,"ET","ETH",231,"","0334","ЭФИОПИЯ","Федеративная Демократическая Республика Эфиопия","Ethiopia","Африка","Восточная Африка","Africa","Eastern Africa"
136,"FI","FIN",246,"032","0032","ФИНЛЯНДИЯ","Финляндская Республика","Finland","Европа","Северная Европа","Europe","Northern Europe"
135,"FJ","FJI",242,"","0815","ФИДЖИ","Республика Фиджи","Fiji","Океания","Меланезия","Oceania","Melanesia"
133,"FK","FLK",238,"","0529","ФОЛКЛЕНДСКИЕ ОСТРОВА (МАЛЬВИНСКИЕ)","","Falkland Islands (Malvinas)","Северная и Южная Америка","Южная Америка","Americas","South America"
217,"FM","FSM",583,"","0823","МИКРОНЕЗИЯ, ФЕДЕРАТИВНЫЕ ШТАТЫ","Федеративные Штаты Микронезии","Micronesia, Federated States of","Океания","Микронезия","Oceania","Micronesia"
132,"FO","FRO",234,"","0041","ФАРЕРСКИЕ ОСТРОВА","","Faroe Islands","Европа","Северная Европа","Europe","Northern Europe"
138,"FR","FRA",250,"001","0001","ФРАНЦИЯ","Французская Республика","France","Европа","Западная Европа","Europe","Western Europe"
4,"GA","GAB",266,"","0314","ГАБОН","Габонская Республика","Gabon","Африка","Центральная Африка","Africa","Middle Africa"
52,"GB","GBR",826,"006","0006","СОЕДИНЕННОЕ КОРОЛЕВСТВО","Соединенное Королевство Великобритании и Северной Ирландии","United Kingdom","Европа","Северная Европа","Europe","Northern Europe"
151,"GD","GRD",308,"","0473","ГРЕНАДА","","Grenada","Северная и Южная Америка","Карибский бассейн","Americas","Caribbean"
143,"GE","GEO",268,"","0076","ГРУЗИЯ","","Georgia","Азия","Западная Азия","Asia","Western Asia"
139,"GF","GUF",254,"","0488","ФРАНЦУЗСКАЯ ГВИАНА","","French Guiana","Северная и Южная Америка","Южная Америка","Americas","South America"
53,"GG","GGY",831,"","","ГЕРНСИ","","Guernsey","Европа","Северная Европа","Europe","Northern Europe"
146,"GH","GHA",288,"","0276","ГАНА","Республика Гана","Ghana","Африка","Западная Африка","Africa","Western Africa"
147,"GI","GIB",292,"","0044","ГИБРАЛТАР","","Gibraltar","Европа","Южная Европа","Europe","Southern Europe"
150,"GL","GRL",304,"","0406","ГРЕНЛАНДИЯ","","Greenland","Северная и Южная Америка","Северная Америка","Americas","Northern America"
144,"GM","GMB",270,"","0252","ГАМБИЯ","Исламская Республика Гамбия","Gambia","Африка","Западная Африка","Africa","Western Africa"
154,"GN","GIN",324,"","0260","ГВИНЕЯ","Гвинейская Республика","Guinea","Африка","Западная Африка","Africa","Western Africa"
6,"GP","GLP",312,"","","ГВАДЕЛУПА","","Guadeloupe","Северная и Южная Америка","Карибский бассейн","Americas","Caribbean"
128,"GQ","GNQ",226,"","0310","ЭКВАТОРИАЛЬНАЯ ГВИНЕЯ","Республика Экваториальная Гвинея","Equatorial Guinea","Африка","Центральная Африка","Africa","Middle Africa"
149,"GR","GRC",300,"009","0009","ГРЕЦИЯ","Греческая Республика","Greece","Европа","Южная Европа","Europe","Southern Europe"
134,"GS","SGS",239,"","0893","ЮЖНАЯ ДЖОРДЖИЯ И ЮЖНЫЕ САНДВИЧЕВЫ ОСТРОВА","","South Georgia and the South Sandwich Islands","","","",""
153,"GT","GTM",320,"","0416","ГВАТЕМАЛА","Республика Гватемала","Guatemala","Северная и Южная Америка","Центральная Америка","Americas","Central America"
152,"GU","GUM",316,"","0831","ГУАМ","","Guam","Океания","Микронезия","Oceania","Micronesia"
229,"GW","GNB",624,"","0257","ГВИНЕЯ-БИСАУ","Республика Гвинея-Бисау","Guinea-Bissau","Африка","Западная Африка","Africa","Western Africa"
155,"GY","GUY",328,"","0488","ГАЙАНА","Республика Гайана","Guyana","Северная и Южная Америка","Южная Америка","Americas","South America"
159,"HK","HKG",344,"","0740","ГОНКОНГ","Специальный административный регион Китая Гонконг","Hong Kong","Азия","Восточная Азия","Asia","Eastern Asia"
157,"HM","HMD",334,"","0835","ОСТРОВ ХЕРД И ОСТРОВА МАКДОНАЛЬД","","Heard Island and McDonald Islands","","","",""
7,"HN","HND",340,"","0424","ГОНДУРАС","Республика Гондурас","Honduras","Северная и Южная Америка","Центральная Америка","Americas","Central America"
118,"HR","HRV",191,"092","0092","ХОРВАТИЯ","Республика Хорватия","Croatia","Европа","Южная Европа","Europe","Southern Europe"
156,"HT","HTI",332,"","0452","ГАИТИ","Республика Гаити","Haiti","Северная и Южная Америка","Карибский бассейн","Americas","Caribbean"
160,"HU","HUN",348,"064","0064","ВЕНГРИЯ","Венгрия","Hungary","Европа","Восточная Европа","Europe","Eastern Europe"
163,"ID","IDN",360,"","0700","ИНДОНЕЗИЯ","Республика Индонезия","Indonesia","Азия","Юго-Восточная Азия","Asia","South-Eastern Asia"
9,"IE","IRL",372,"007","0007","ИРЛАНДИЯ","","Ireland","Европа","Северная Европа","Europe","Northern Europe"
165,"IL","ISR",376,"","0624","ИЗРАИЛЬ","Государство Израиль","Israel","Азия","Западная Азия","Asia","Western Asia"
55,"IM","IMN",833,"","","ОСТРОВ МЭН","","Isle of Man","Европа","Северная Европа","Europe","Northern Europe"
162,"IN","IND",356,"","0664","ИНДИЯ","Республика Индия","India","Азия","Южная Азия","Asia","Southern Asia"
92,"IO","IOT",86,"","","БРИТАНСКАЯ ТЕРРИТОРИЯ В ИНДИЙСКОМ ОКЕАНЕ","","British Indian Ocean Territory","","","",""
164,"IQ","IRQ",368,"","0612","ИРАК","Республика Ирак","Iraq","Азия","Западная Азия","Asia","Western Asia"
8,"IR","IRN",364,"","0616","ИРАН, ИСЛАМСКАЯ РЕСПУБЛИКА","Исламская Республика Иран","Iran, Islamic Republic of","Азия","Южная Азия","Asia","Southern Asia"
161,"IS","ISL",352,"","0024","ИСЛАНДИЯ","Республика Исландия","Iceland","Европа","Северная Европа","Europe","Northern Europe"
166,"IT","ITA",380,"005","0005","ИТАЛИЯ","Итальянская Республика","Italy","Европа","Южная Европа","Europe","Southern Europe"
54,"JE","JEY",832,"","","ДЖЕРСИ","","Jersey","Европа","Северная Европа","Europe","Northern Europe"
168,"JM","JAM",388,"","0464","ЯМАЙКА","","Jamaica","Северная и Южная Америка","Карибский бассейн","Americas","Caribbean"
170,"JO","JOR",400,"","0628","ИОРДАНИЯ","Иорданское Хашимитское Королевство","Jordan","Азия","Западная Азия","Asia","Western Asia"
10,"JP","JPN",392,"","0732","ЯПОНИЯ","","Japan","Азия","Восточная Азия","Asia","Eastern Asia"
11,"KE","KEN",404,"","0346","КЕНИЯ","Республика Кения","Kenya","Африка","Восточная Африка","Africa","Eastern Africa"
12,"KG","KGZ",417,"","0083","КИРГИЗИЯ","Киргизская Республика","Kyrgyzstan","Азия","Центральная Азия","Asia","Central Asia"
100,"KH","KHM",116,"","0696","КАМБОДЖА","Королевство Камбоджа","Cambodia","Азия","Юго-Восточная Азия","Asia","South-Eastern Asia"
148,"KI","KIR",296,"","0812","КИРИБАТИ","Республика Кирибати","Kiribati","Океания","Микронезия","Oceania","Micronesia"
3,"KM","COM",174,"","0375","КОМОРЫ","Союз Коморы","Comoros","Африка","Восточная Африка","Africa","Eastern Africa"
239,"KN","KNA",659,"","0449","СЕНТ-КИТС И НЕВИС","","Saint Kitts and Nevis","Северная и Южная Америка","Карибский бассейн","Americas","Caribbean"
171,"KP","PRK",408,"","0724","КОРЕЯ, НАРОДНО-ДЕМОКРАТИЧЕСКАЯ РЕСПУБЛИКА","Корейская Народно-Демократическая Республика","Korea, Democratic People's Republic of","Азия","Восточная Азия","Asia","Eastern Asia"
172,"KR","KOR",410,"","0728","КОРЕЯ, РЕСПУБЛИКА","Республика Корея","Korea, Republic of","Азия","Восточная Азия","Asia","Eastern Asia"
173,"KW","KWT",414,"","0636","КУВЕЙТ","Государство Кувейт","Kuwait","Азия","Западная Азия","Asia","Western Asia"
104,"KY","CYM",136,"","0463","ОСТРОВА КАЙМАН","","Cayman Islands","Северная и Южная Америка","Карибский бассейн","Americas","Caribbean"
169,"KZ","KAZ",398,"","0079","КАЗАХСТАН","Республика Казахстан","Kazakhstan","Азия","Центральная Азия","Asia","Central Asia"
174,"LA","LAO",418,"","0684","ЛАОССКАЯ НАРОДНО-ДЕМОКРАТИЧЕСКАЯ РЕСПУБЛИКА","","Lao People's Democratic Republic","Азия","Юго-Восточная Азия","Asia","South-Eastern Asia"
175,"LB","LBN",422,"","0604","ЛИВАН","Ливанская Республика","Lebanon","Азия","Западная Азия","Asia","Western Asia"
241,"LC","LCA",662,"","0465","СЕНТ-ЛЮСИЯ","","Saint Lucia","Северная и Южная Америка","Карибский бассейн","Americas","Caribbean"
180,"LI","LIE",438,"","0037","ЛИХТЕНШТЕЙН","Княжество Лихтенштейн","Liechtenstein","Европа","Западная Европа","Europe","Western Europe"
106,"LK","LKA",144,"","0669","ШРИ-ЛАНКА","Демократическая Социалистическая Республика Шри-Ланка","Sri Lanka","Азия","Южная Азия","Asia","Southern Asia"
178,"LR","LBR",430,"","0268","ЛИБЕРИЯ","Республика Либерия","Liberia","Африка","Западная Африка","Africa","Western Africa"
176,"LS","LSO",426,"","0395","ЛЕСОТО","Королевство Лесото","Lesotho","Африка","Южная часть Африки","Africa","Southern Africa"
181,"LT","LTU",440,"055","0055","ЛИТВА","Литовская Республика","Lithuania","Европа","Северная Европа","Europe","Northern Europe"
182,"LU","LUX",442,"018","0018","ЛЮКСЕМБУРГ","Великое Герцогство Люксембург","Luxembourg","Европа","Западная Европа","Europe","Western Europe"
177,"LV","LVA",428,"054","0054","ЛАТВИЯ","Латвийская Республика","Latvia","Европа","Северная Европа","Europe","Northern Europe"
179,"LY","LBY",434,"","0216","ЛИВИЯ","Ливия","Libya","Африка","Северная Африка","Africa","Northern Africa"
198,"MA","MAR",504,"","0204","МАРОККО","Королевство Марокко","Morocco","Африка","Северная Африка","Africa","Northern Africa"
193,"MC","MCO",492,"","","МОНАКО","Княжество Монако","Monaco","Европа","Западная Европа","Europe","Western Europe"
195,"MD","MDA",498,"","0074","МОЛДОВА, РЕСПУБЛИКА","Республика Молдова","Moldova, Republic of","Европа","Восточная Европа","Europe","Eastern Europe"
196,"ME","MNE",499,"","0097","ЧЕРНОГОРИЯ","","Montenegro","Европа","Южная Европа","Europe","Southern Europe"
242,"MF","MAF",663,"","","СЕН-МАРТЕН","","Saint Martin (French part)","Северная и Южная Америка","Карибский бассейн","Americas","Caribbean"
184,"MG","MDG",450,"","0370","МАДАГАСКАР","Республика Мадагаскар","Madagascar","Африка","Восточная Африка","Africa","Eastern Africa"
218,"MH","MHL",584,"","0824","МАРШАЛЛОВЫ ОСТРОВА","Республика Маршалловы Острова","Marshall Islands","Океания","Микронезия","Oceania","Micronesia"
50,"MK","MKD",807,"","0096","РЕСПУБЛИКА МАКЕДОНИЯ","","Macedonia, the former Yugoslav Republic of","Европа","Южная Европа","Europe","Southern Europe"
188,"ML","MLI",466,"","0232","МАЛИ","Республика Мали","Mali","Африка","Западная Африка","Africa","Western Africa"
97,"MM","MMR",104,"","0676","МЬЯНМА","Республика Союза Мьянма","Myanmar","Азия","Юго-Восточная Азия","Asia","South-Eastern Asia"
194,"MN","MNG",496,"","0716","МОНГОЛИЯ","","Mongolia","Азия","Восточная Азия","Asia","Eastern Asia"
183,"MO","MAC",446,"","0743","МАКАО","Специальный административный регион Китая Макао","Macao","Азия","Восточная Азия","Asia","Eastern Asia"
215,"MP","MNP",580,"","0820","СЕВЕРНЫЕ МАРИАНСКИЕ ОСТРОВА","Содружество Северных Марианских островов","Northern Mariana Islands","Океания","Микронезия","Oceania","Micronesia"
189,"MQ","MTQ",474,"","","МАРТИНИКА","","Martinique","Северная и Южная Америка","Карибский бассейн","Americas","Caribbean"
190,"MR","MRT",478,"","0228","МАВРИТАНИЯ","Исламская Республика Мавритания","Mauritania","Африка","Западная Африка","Africa","Western Africa"
197,"MS","MSR",500,"","0470","МОНТСЕРРАТ","","Montserrat","Северная и Южная Америка","Карибский бассейн","Americas","Caribbean"
13,"MT","MLT",470,"046","0046","МАЛЬТА","Республика Мальта","Malta","Европа","Южная Европа","Europe","Southern Europe"
191,"MU","MUS",480,"","0373","МАВРИКИЙ","Республика Маврикий","Mauritius","Африка","Восточная Африка","Africa","Eastern Africa"
187,"MV","MDV",462,"","0667","МАЛЬДИВЫ","Мальдивская Республика","Maldives","Азия","Южная Азия","Asia","Southern Asia"
185,"MW","MWI",454,"","0386","МАЛАВИ","Республика Малави","Malawi","Африка","Восточная Африка","Africa","Eastern Africa"
192,"MX","MEX",484,"","0412","МЕКСИКА","Мексиканские Соединенные Штаты","Mexico","Северная и Южная Америка","Центральная Америка","Americas","Central America"
186,"MY","MYS",458,"","0701","МАЛАЙЗИЯ","","Malaysia","Азия","Юго-Восточная Азия","Asia","South-Eastern Asia"
14,"MZ","MOZ",508,"","0366","МОЗАМБИК","Республика Мозамбик","Mozambiq","","","",""
200,"NA","NAM",516,"","0389","НАМИБИЯ","Республика Намибия","Namibia","Африка","Южная часть Африки","Africa","Southern Africa"
16,"NC","NCL",540,"","0809","НОВАЯ КАЛЕДОНИЯ","","New Caledonia","Океания","Меланезия","Oceania","Melanesia"
210,"NE","NER",562,"","0240","НИГЕР","Республика Нигер","Niger","Африка","Западная Африка","Africa","Western Africa"
213,"NF","NFK",574,"","0836","ОСТРОВ НОРФОЛК","","Norfolk Island","Океания","Австралия и Новая Зеландия","Oceania","Australia and New Zealand"
211,"NG","NGA",566,"","0288","НИГЕРИЯ","Федеративная Республика Нигерия","Nigeria","Африка","Западная Африка","Africa","Western Africa"
209,"NI","NIC",558,"","0432","НИКАРАГУА","Республика Никарагуа","Nicaragua","Северная и Южная Америка","Центральная Америка","Americas","Central America"
203,"NL","NLD",528,"003","0003","НИДЕРЛАНДЫ","Королевство Нидерландов","Netherlands","Европа","Западная Европа","Europe","Western Europe"
214,"NO","NOR",578,"","0028","НОРВЕГИЯ","Королевство Норвегия","Norway","Европа","Северная Европа","Europe","Northern Europe"
202,"NP","NPL",524,"","0672","НЕПАЛ","Федеративная Демократическая Республика Непал","Nepal","Азия","Южная Азия","Asia","Southern Asia"
201,"NR","NRU",520,"","0803","НАУРУ","Республика Науру","Nauru","Океания","Микронезия","Oceania","Micronesia"
212,"NU","NIU",570,"","0838","НИУЭ","Ниуэ","Niue","Океания","Полинезия","Oceania","Polynesia"
208,"NZ","NZL",554,"","0804","НОВАЯ ЗЕЛАНДИЯ","","New Zealand","Океания","Австралия и Новая Зеландия","Oceania","Australia and New Zealand"
199,"OM","OMN",512,"","0649","ОМАН","Султанат Оман","Oman","Азия","Западная Азия","Asia","Western Asia"
66,"OS","OST",896,"","","ЮЖНАЯ ОСЕТИЯ","Республика Южная Осетия","South Osetia","","","",""
221,"PA","PAN",591,"","0442","ПАНАМА","Республика Панама","Panama","Северная и Южная Америка","Центральная Америка","Americas","Central America"
224,"PE","PER",604,"","0504","ПЕРУ","Республика Перу","Peru","Северная и Южная Америка","Южная Америка","Americas","South America"
140,"PF","PYF",258,"","0822","ФРАНЦУЗСКАЯ ПОЛИНЕЗИЯ","","French Polynesia","Океания","Полинезия","Oceania","Polynesia"
222,"PG","PNG",598,"","0801","ПАПУА НОВАЯ ГВИНЕЯ","Независимое Государство Папуа Новая Гвинея","Papua New Guinea","Океания","Меланезия","Oceania","Melanesia"
225,"PH","PHL",608,"","0708","ФИЛИППИНЫ","Республика Филиппины","Philippines","Азия","Юго-Восточная Азия","Asia","South-Eastern Asia"
220,"PK","PAK",586,"","0662","ПАКИСТАН","Исламская Республика Пакистан","Pakistan","Азия","Южная Азия","Asia","Southern Asia"
227,"PL","POL",616,"060","0060","ПОЛЬША","Республика Польша","Poland","Европа","Восточная Европа","Europe","Eastern Europe"
243,"PM","SPM",666,"","0408","СЕНТ-ПЬЕР И МИКЕЛОН","","Saint Pierre and Miquelon","Северная и Южная Америка","Северная Америка","Americas","Northern America"
226,"PN","PCN",612,"","0813","ПИТКЕРН","","Pitcairn","Океания","Полинезия","Oceania","Polynesia"
231,"PR","PRI",630,"","","ПУЭРТО-РИКО","","Puerto Rico","Северная и Южная Америка","Карибский бассейн","Americas","Caribbean"
5,"PS","PSE",275,"","0625","ПАЛЕСТИНА, ГОСУДАРСТВО","Государство Палестина","Palestine, State of","Азия","Западная Азия","Asia","Western Asia"
228,"PT","PRT",620,"010","0010","ПОРТУГАЛИЯ","Португальская Республика","Portugal","Европа","Южная Европа","Europe","Southern Europe"
219,"PW","PLW",585,"","0825","ПАЛАУ","Республика Палау","Palau","Океания","Микронезия","Oceania","Micronesia"
223,"PY","PRY",600,"","0520","ПАРАГВАЙ","Республика Парагвай","Paraguay","Северная и Южная Америка","Южная Америка","Americas","South America"
232,"QA","QAT",634,"","0644","КАТАР","Государство Катар","Qatar","Азия","Западная Азия","Asia","Western Asia"
233,"RE","REU",638,"","","РЕЮНЬОН","","Reunion","Африка","Восточная Африка","Africa","Eastern Africa"
234,"RO","ROU",642,"066","0066","РУМЫНИЯ","","Romania","Европа","Восточная Европа","Europe","Eastern Europe"
249,"RS","SRB",688,"","0098","СЕРБИЯ","Республика Сербия","Serbia","Европа","Южная Европа","Europe","Southern Europe"
235,"RU","RUS",643,"","0075","РОССИЯ","Российская Федерация","Russian Federation","Европа","Восточная Европа","Europe","Eastern Europe"
236,"RW","RWA",646,"","0324","РУАНДА","Руандийская Республика","Rwanda","Африка","Восточная Африка","Africa","Eastern Africa"
247,"SA","SAU",682,"","0632","САУДОВСКАЯ АРАВИЯ","Королевство Саудовская Аравия","Saudi Arabia","Азия","Западная Азия","Asia","Western Asia"
93,"SB","SLB",90,"","0806","СОЛОМОНОВЫ ОСТРОВА","","Solomon Islands","Океания","Меланезия","Oceania","Melanesia"
250,"SC","SYC",690,"","0355","СЕЙШЕЛЫ","Республика Сейшелы","Seychelles","Африка","Восточная Африка","Africa","Eastern Africa"
29,"SD","SDN",729,"","0224","СУДАН","Республика Судан","Sudan","Африка","Северная Африка","Africa","Northern Africa"
33,"SE","SWE",752,"030","0030","ШВЕЦИЯ","Королевство Швеция","Sweden","Европа","Северная Европа","Europe","Northern Europe"
21,"SG","SGP",702,"","0706","СИНГАПУР","Республика Сингапур","Singapore","Азия","Юго-Восточная Азия","Asia","South-Eastern Asia"
238,"SH","SHN",654,"","0329","СВЯТАЯ ЕЛЕНА, ОСТРОВ ВОЗНЕСЕНИЯ, ТРИСТАН-ДА-КУНЬЯ","","Saint Helena, Ascension and Tristan da Cunha","Африка","Западная Африка","Africa","Western Africa"
23,"SI","SVN",705,"091","0091","СЛОВЕНИЯ","Республика Словения","Slovenia","Европа","Южная Европа","Europe","Southern Europe"
32,"SJ","SJM",744,"","","ШПИЦБЕРГЕН И ЯН МАЙЕН","","Svalbard and Jan Mayen","Европа","Северная Европа","Europe","Northern Europe"
17,"SK","SVK",703,"063","0063","СЛОВАКИЯ","Словацкая Республика","Slovakia","Европа","Восточная Европа","Europe","Eastern Europe"
251,"SL","SLE",694,"","0264","СЬЕРРА-ЛЕОНЕ","Республика Сьерра-Леоне","Sierra Leone","Африка","Западная Африка","Africa","Western Africa"
245,"SM","SMR",674,"","0047","САН-МАРИНО","Республика Сан-Марино","San Marino","Европа","Южная Европа","Europe","Southern Europe"
248,"SN","SEN",686,"","0248","СЕНЕГАЛ","Республика Сенегал","Senegal","Африка","Западная Африка","Africa","Western Africa"
24,"SO","SOM",706,"","0342","СОМАЛИ","Федеративная Республика Сомали","Somalia","Африка","Восточная Африка","Africa","Eastern Africa"
31,"SR","SUR",740,"","0492","СУРИНАМ","Республика Суринам","Suriname","Северная и Южная Америка","Южная Америка","Americas","South America"
28,"SS","SSD",728,"","0225","ЮЖНЫЙ СУДАН","Республика Южный Судан","South Sudan","Африка","Северная Африка","Africa","Northern Africa"
246,"ST","STP",678,"","0311","САН-ТОМЕ И ПРИНСИПИ","Демократическая Республика Сан-Томе и Принсипи","Sao Tome and Principe","Африка","Центральная Африка","Africa","Middle Africa"
127,"SV","SLV",222,"","0428","ЭЛЬ-САЛЬВАДОР","Республика Эль-Сальвадор","El Salvador","Северная и Южная Америка","Центральная Америка","Americas","Central America"
205,"SX","SXM",534,"","0479","СЕН-МАРТЕН (нидерландская часть)","","Sint Maarten (Dutch part)","Северная и Южная Америка","Карибский бассейн","Americas","Caribbean"
35,"SY","SYR",760,"","0608","СИРИЙСКАЯ АРАБСКАЯ РЕСПУБЛИКА","","Syrian Arab Republic","Азия","Западная Азия","Asia","Western Asia"
18,"SZ","SWZ",748,"","0393","СВАЗИЛЕНД","Королевство Свазиленд","Swaziland","Африка","Южная часть Африки","Africa","Southern Africa"
46,"TC","TCA",796,"","0454","ОСТРОВА ТЕРКС И КАЙКОС","","Turks and Caicos Islands","Северная и Южная Америка","Карибский бассейн","Americas","Caribbean"
2,"TD","TCD",148,"","0244","ЧАД","Республика Чад","Chad","Африка","Центральная Африка","Africa","Middle Africa"
141,"TF","ATF",260,"","0894","ФРАНЦУЗСКИЕ ЮЖНЫЕ ТЕРРИТОРИИ","","French Southern Territories","","","",""
38,"TG","TGO",768,"","0280","ТОГО","Тоголезская Республика","Togo","Африка","Западная Африка","Africa","Western Africa"
37,"TH","THA",764,"","0680","ТАИЛАНД","Королевство Таиланд","Thailand","Азия","Юго-Восточная Азия","Asia","South-Eastern Asia"
36,"TJ","TJK",762,"","0082","ТАДЖИКИСТАН","Республика Таджикистан","Tajikistan","Азия","Центральная Азия","Asia","Central Asia"
39,"TK","TKL",772,"","0839","ТОКЕЛАУ","","Tokelau","Океания","Полинезия","Oceania","Polynesia"
230,"TL","TLS",626,"","0626","ТИМОР-ЛЕСТЕ","Демократическая Республика Тимор-Лесте","Timor-Leste","","","Asia","South-Eastern Asia"
45,"TM","TKM",795,"","0080","ТУРКМЕНИЯ","Туркменистан","Turkmenistan","Азия","Центральная Азия","Asia","Central Asia"
43,"TN","TUN",788,"","0212","ТУНИС","Тунисская Республика","Tunisia","Африка","Северная Африка","Africa","Northern Africa"
40,"TO","TON",776,"","0817","ТОНГА","Королевство Тонга","Tonga","Океания","Полинезия","Oceania","Polynesia"
44,"TR","TUR",792,"","0052","ТУРЦИЯ","Турецкая Республика","Turkey","Азия","Западная Азия","Asia","Western Asia"
41,"TT","TTO",780,"","0472","ТРИНИДАД И ТОБАГО","Республика Тринидад и Тобаго","Trinidad and Tobago","Северная и Южная Америка","Карибский бассейн","Americas","Caribbean"
47,"TV","TUV",798,"","0807","ТУВАЛУ","","Tuvalu","Океания","Полинезия","Oceania","Polynesia"
109,"TW","TWN",158,"","0736","ТАЙВАНЬ (КИТАЙ)","","Taiwan, Province of China","Азия","Восточная Азия","",""
19,"TZ","TZA",834,"","0352","ТАНЗАНИЯ, ОБЪЕДИНЕННАЯ РЕСПУБЛИКА","Объединенная Республика Танзания","Tanzania, United Republic of","Африка","Восточная Африка","Africa","Eastern Africa"
49,"UA","UKR",804,"","0072","УКРАИНА","","Ukraine","Европа","Восточная Европа","Europe","Eastern Europe"
48,"UG","UGA",800,"","0350","УГАНДА","Республика Уганда","Uganda","Африка","Восточная Африка","Africa","Eastern Africa"
216,"UM","UMI",581,"","","МАЛЫЕ ТИХООКЕАНСКИЕ ОТДАЛЕННЫЕ ОСТРОВА СОЕДИНЕННЫХ ШТАТОВ","","United States Minor Outlying Islands","","","",""
56,"US","USA",840,"","0400","СОЕДИНЕННЫЕ ШТАТЫ","Соединенные Штаты Америки","United States","Северная и Южная Америка","Северная Америка","Americas","Northern America"
59,"UY","URY",858,"","0524","УРУГВАЙ","Восточная Республика Уругвай","Uruguay","Северная и Южная Америка","Южная Америка","Americas","South America"
60,"UZ","UZB",860,"","0081","УЗБЕКИСТАН","Республика Узбекистан","Uzbekistan","Азия","Центральная Азия","Asia","Central Asia"
158,"VA","VAT",336,"","0045","ПАПСКИЙ ПРЕСТОЛ (ГОСУДАРСТВО-ГОРОД ВАТИКАН)","","Holy See (Vatican City State)","Европа","Южная Европа","Europe","Southern Europe"
244,"VC","VCT",670,"","0467","СЕНТ-ВИНСЕНТ И ГРЕНАДИНЫ","","Saint Vincent and the Grenadines","Северная и Южная Америка","Карибский бассейн","Americas","Caribbean"
61,"VE","VEN",862,"","0484","ВЕНЕСУЭЛА, БОЛИВАРИАНСКАЯ РЕСПУБЛИКА","Боливарианская Республика Венесуэла","Venezuela, Bolivarian Republic of","Северная и Южная Америка","Южная Америка","Americas","South America"
94,"VG","VGB",92,"","0468","ВИРГИНСКИЕ ОСТРОВА, БРИТАНСКИЕ","Британские Виргинские острова","Virgin Islands, British","Северная и Южная Америка","Карибский бассейн","Americas","Caribbean"
57,"VI","VIR",850,"","0457","ВИРГИНСКИЕ ОСТРОВА, США","Виргинские острова Соединенных Штатов","Virgin Islands, U.S.","Северная и Южная Америка","Карибский бассейн","Americas","Caribbean"
22,"VN","VNM",704,"","0690","ВЬЕТНАМ","Социалистическая Республика Вьетнам","Viet Nam","Азия","Юго-Восточная Азия","Asia","South-Eastern Asia"
207,"VU","VUT",548,"","0816","ВАНУАТУ","Республика Вануату","Vanuatu","Океания","Меланезия","Oceania","Melanesia"
20,"WF","WLF",876,"","0811","УОЛЛИС И ФУТУНА","","Wallis and Futuna","Океания","Полинезия","Oceania","Polynesia"
62,"WS","WSM",882,"","0819","САМОА","Независимое Государство Самоа","Samoa","Океания","Полинезия","Oceania","Polynesia"
63,"YE","YEM",887,"","0653","ЙЕМЕН","Йеменская Республика","Yemen","Азия","Западная Азия","Asia","Western Asia"
113,"YT","MYT",175,"","0377","МАЙОТТА","","Mayotte","Африка","Восточная Африка","Africa","Eastern Africa"
25,"ZA","ZAF",710,"","0388","ЮЖНАЯ АФРИКА","Южно-Африканская Республика","South Africa","Африка","Южная часть Африки","Africa","Southern Africa"
64,"ZM","ZMB",894,"","0378","ЗАМБИЯ","Республика Замбия","Zambia","Африка","Восточная Африка","Africa","Eastern Africa"
26,"ZW","ZWE",716,"","0382","ЗИМБАБВЕ","Республика Зимбабве","Zimbabwe","Африка","Восточная Африка","Africa","Eastern Africa"
